{
    "loss": 0.9562893509864807,
    "accuracy": 0.8706896305084229
}